sample_id,candidate_hash,failure_class,diagnosis_json
pie_p00465_s878145104,a351e42e910b,wrong_state_dim,"{""failure_class"": ""wrong_state_dim"", ""evidence"": ""The state dimension in the BFS might not be correctly updated."", ""suggested_fix"": ""Ensure that the state dimension is properly managed during the BFS traversal."", ""plan_was_wrong"": false}"
pie_p01429_s020020909,bc62fdd76443,wrong_state_dim,"{""failure_class"": ""wrong_state_dim"", ""evidence"": ""dp array size does not match the problem constraints"", ""suggested_fix"": ""Resize dp array to accommodate all possible states"", ""plan_was_wrong"": false}"
pie_p01429_s020020909,50016d7221ac,wrong_base_case,"{""failure_class"": ""wrong_base_case"", ""evidence"": ""dp[0] should be initialized to 0, not INF."", ""suggested_fix"": ""Initialize dp[0] to 0 instead of INF."", ""plan_was_wrong"": false}"
pie_p00729_s376268675,50e88756bc11,wrong_state_dim,"{""failure_class"": ""wrong_state_dim"", ""evidence"": ""loginTimes array size does not match the number of students."", ""suggested_fix"": ""Resize loginTimes based on the maximum student ID encountered."", ""plan_was_wrong"": false}"
pie_p00729_s376268675,593272631d24,logic_error,"{""failure_class"": ""logic_error"", ""evidence"": ""The output does not match the expected results."", ""suggested_fix"": ""Review the logic inside the inner loop where `rst` is calculated to ensure it correctly handles all edge cases and transitions between login and logout events."", ""plan_was_wrong"": false}"
pie_p03914_s893506098,152a194e65ee,wrong_state_dim,"{""failure_class"": ""wrong_state_dim"", ""evidence"": ""The `dp` array dimensions do not match the problem requirements."", ""suggested_fix"": ""Adjust the dimensions of the `dp` array to fit the problem's state space correctly."", ""plan_was_wrong"": false}"
pie_p03914_s893506098,034477f53482,wrong_state_dim,"{""failure_class"": ""wrong_state_dim"", ""evidence"": ""The `dp` array dimensions do not match the problem requirements."", ""suggested_fix"": ""Adjust the dimensions of the `dp` array to fit the problem's constraints."", ""plan_was_wrong"": false}"
pie_p03914_s893506098,b61a16177e42,wrong_state_dim,"{""failure_class"": ""wrong_state_dim"", ""evidence"": ""The inner loop condition `for (int k = n - j; k >= 0; --k)` incorrectly starts from `n - j` instead of `0`, leading to out-of-bounds access."", ""suggested_fix"": ""Change the inner loop condition to `for (int k = 0; k <= n - j; ++k)`."", ""plan_was_wrong"": false}"
pie_p03914_s893506098,0081d9f81be4,wrong_state_dim,"{""failure_class"": ""wrong_state_dim"", ""evidence"": ""The state dimensions do not match the problem requirements."", ""suggested_fix"": ""Adjust the state dimensions to correctly represent the problem's constraints."", ""plan_was_wrong"": false}"
pie_p03169_s960308819,60719600b04f,wrong_base_case,"{""failure_class"": ""wrong_base_case"", ""evidence"": ""The initial values in `dp` are not correctly initialized based on the problem statement."", ""suggested_fix"": ""Initialize `dp` such that each element represents the expected number of operations for the corresponding piece of sushi."", ""plan_was_wrong"": false}"
pie_p03169_s960308819,f524f41dd0e7,io_format_drift,"{""failure_class"": ""io_format_drift"", ""evidence"": ""The output format does not match the expected format."", ""suggested_fix"": ""Ensure the output format matches the expected format exactly."", ""plan_was_wrong"": false}"
pie_p01324_s953390691,743275587462,missing_edge_case,"{""failure_class"": ""missing_edge_case"", ""evidence"": ""The input handling loop does not handle the end-of-file condition correctly."", ""suggested_fix"": ""Add a check for `cin.eof()` before processing each test case."", ""plan_was_wrong"": false}"
pie_p01324_s953390691,64896d361e62,missing_edge_case,"{""failure_class"": ""missing_edge_case"", ""evidence"": ""The input handling loop does not handle the end-of-file condition correctly."", ""suggested_fix"": ""Ensure that the input handling loop properly handles the end-of-file condition."", ""plan_was_wrong"": false}"
pie_p03730_s590400302,a187deeeb93e,missing_edge_case,"{""failure_class"": ""missing_edge_case"", ""evidence"": ""The input is empty, and the code does not handle this case."", ""suggested_fix"": ""Add a check for empty input and handle it appropriately."", ""plan_was_wrong"": false}"
pie_p03730_s590400302,75fffd471dab,missing_edge_case,"{""failure_class"": ""missing_edge_case"", ""evidence"": ""The input is empty, and the code does not handle this case."", ""suggested_fix"": ""Add a check for empty input and handle it appropriately."", ""plan_was_wrong"": false}"
pie_p02714_s868124332,d02b46d9d8f3,wrong_base_case,"{""failure_class"": ""wrong_base_case"", ""evidence"": ""The input-output pair indicates that the base case handling might be incorrect."", ""suggested_fix"": ""Ensure that the base case where `n` is 0 returns the correct value."", ""plan_was_wrong"": false}"
pie_p02714_s868124332,ab64904e9b5d,compile_error,"{""failure_class"": ""compile_error"", ""evidence"": ""/cs/student/project_msc/2025/dsml/nmxian/defects4c_project/workspace/pie_p02714_s868124332_profiling_k8/pie_p02714_s868124332_profiling_k8.cpp: In function \u2018int main()\u2019:\n/cs/student/project_msc/2025/dsml/nmxian/defects4c_project/workspace/pie_p02714_s868124332_profiling_k8/pie_p02714_s868124332_prof"", ""suggested_fix"": ""Fix the compilation error before re-applying the plan."", ""plan_was_wrong"": false}"
pie_p04034_s126189583,0a6b57464de9,wrong_state_dim,"{""failure_class"": ""wrong_state_dim"", ""evidence"": ""The state dimension does not correctly reflect the problem requirements."", ""suggested_fix"": ""Ensure the state dimensions accurately represent the problem constraints."", ""plan_was_wrong"": false}"
pie_p04034_s126189583,4d23d6eed74f,wrong_base_case,"{""failure_class"": ""wrong_base_case"", ""evidence"": ""The input handling is incorrect."", ""suggested_fix"": ""Initialize N and M correctly before reading input."", ""plan_was_wrong"": false}"
pie_p04034_s126189583,6713b8a2759a,wrong_base_case,"{""failure_class"": ""wrong_base_case"", ""evidence"": ""The initial value of `has_red` is set to `true`, but the problem statement implies it should start as `false`."", ""suggested_fix"": ""Initialize `has_red` to `false`."", ""plan_was_wrong"": false}"
pie_p03275_s623136798,f91625c8fd68,wrong_state_dim,"{""failure_class"": ""wrong_state_dim"", ""evidence"": ""The variable `k` is calculated incorrectly, leading to incorrect results."", ""suggested_fix"": ""Recalculate `k` correctly based on the problem requirements."", ""plan_was_wrong"": false}"
pie_p03275_s623136798,f65ade06cb4d,wrong_state_dim,"{""failure_class"": ""wrong_state_dim"", ""evidence"": ""The inner loop's range is incorrect, causing out-of-bounds access."", ""suggested_fix"": ""Change the inner loop's range to `for (int j = i; j < n && j < i + k; ++j)` where `k` is the size of the sliding window."", ""plan_was_wrong"": false}"
pie_p00774_s295712597,a3f8f5f3acd7,wrong_state_dim,"{""failure_class"": ""wrong_state_dim"", ""evidence"": ""The board dimensions are not correctly managed."", ""suggested_fix"": ""Ensure the board dimensions are consistent throughout the code."", ""plan_was_wrong"": false}"
pie_p00774_s295712597,c18de07afd6a,wrong_state_dim,"{""failure_class"": ""wrong_state_dim"", ""evidence"": ""The board dimensions are not correctly managed."", ""suggested_fix"": ""Ensure the board dimensions are consistent throughout the code."", ""plan_was_wrong"": false}"
pie_p02695_s405258011,5e4c2fc44ec1,wrong_base_case,"{""failure_class"": ""wrong_base_case"", ""evidence"": ""Test #3 input is empty, but the code does not handle this case correctly."", ""suggested_fix"": ""Add checks for valid input before processing."", ""plan_was_wrong"": false}"
pie_p02695_s405258011,2302561287cc,wrong_base_case,"{""failure_class"": ""wrong_base_case"", ""evidence"": ""The input-output handling seems incorrect."", ""suggested_fix"": ""Ensure proper input reading and output formatting."", ""plan_was_wrong"": false}"
pie_p02695_s405258011,a7a108a2aa48,wrong_base_case,"{""failure_class"": ""wrong_base_case"", ""evidence"": ""The input-output handling seems incorrect."", ""suggested_fix"": ""Ensure proper input reading and output formatting."", ""plan_was_wrong"": false}"
pie_p03649_s268115538,294390455c17,wrong_base_case,"{""failure_class"": ""wrong_base_case"", ""evidence"": ""The input size is not being correctly handled."", ""suggested_fix"": ""Initialize `tot` to `arr[0]` instead of `0`."", ""plan_was_wrong"": false}"
pie_p00992_s307173529,41f6649cbd00,wrong_base_case,"{""failure_class"": ""wrong_base_case"", ""evidence"": ""The input handling is incorrect."", ""suggested_fix"": ""Ensure proper input reading before processing."", ""plan_was_wrong"": false}"
pie_p00992_s307173529,79486f7c8e97,wrong_base_case,"{""failure_class"": ""wrong_base_case"", ""evidence"": ""The input-output handling seems incorrect."", ""suggested_fix"": ""Ensure proper input reading and output formatting."", ""plan_was_wrong"": false}"
pie_p02540_s227565517,66eac1ce2277,wrong_state_dim,"{""failure_class"": ""wrong_state_dim"", ""evidence"": ""The `dp` array is not correctly initialized or updated."", ""suggested_fix"": ""Ensure that the `dp` array is properly initialized and updated throughout the algorithm."", ""plan_was_wrong"": false}"
pie_p02540_s227565517,b3371fa2251e,wrong_state_dim,"{""failure_class"": ""wrong_state_dim"", ""evidence"": ""The `dp` array is not correctly initialized or updated."", ""suggested_fix"": ""Ensure that the `dp` array is properly initialized and updated within the nested loops."", ""plan_was_wrong"": false}"
pie_p00831_s730074781,2020b4ecc7c9,wrong_state_dim,"{""failure_class"": ""wrong_state_dim"", ""evidence"": ""The memoization table dimensions do not match the problem constraints."", ""suggested_fix"": ""Adjust the memoization table dimensions to accommodate the maximum possible lengths of the input strings and the number of allowed operations."", ""plan_was_wrong"": false}"
pie_p00831_s730074781,ccb2ecbc58c7,wrong_state_dim,"{""failure_class"": ""wrong_state_dim"", ""evidence"": ""The state dimensions of the DP table do not match the problem requirements."", ""suggested_fix"": ""Adjust the dimensions of the DP table to accommodate all possible states."", ""plan_was_wrong"": false}"
pie_p00427_s031858281,277e6e577686,wrong_base_case,"{""failure_class"": ""wrong_base_case"", ""evidence"": ""The base case in the `solve` function does not correctly handle the scenario where `remaining` is 1."", ""suggested_fix"": ""Ensure that the base case correctly handles the scenario where `remaining` is 1."", ""plan_was_wrong"": false}"
pie_p00427_s031858281,78c5fe31ae1d,wrong_state_dim,"{""failure_class"": ""wrong_state_dim"", ""evidence"": ""The DP table dimensions do not match the problem constraints."", ""suggested_fix"": ""Adjust the DP table dimensions to accommodate all possible states."", ""plan_was_wrong"": false}"
pie_p01338_s543979202,5060e6cfaa5b,compile_error,"{""failure_class"": ""compile_error"", ""evidence"": ""/cs/student/project_msc/2025/dsml/nmxian/defects4c_project/workspace/pie_p01338_s543979202_static_k0/pie_p01338_s543979202_static_k0.cpp: In function \u2018void solve()\u2019:\n/cs/student/project_msc/2025/dsml/nmxian/defects4c_project/workspace/pie_p01338_s543979202_static_k0/pie_p01338_s543979202_static_k0.c"", ""suggested_fix"": ""Fix the compilation error before re-applying the plan."", ""plan_was_wrong"": false}"
pie_p01338_s543979202,d0ebbb120efc,wrong_base_case,"{""failure_class"": ""wrong_base_case"", ""evidence"": ""The initial state setup in `solve()` function does not correctly initialize the base case for the dynamic programming approach."", ""suggested_fix"": ""Ensure that the initial state setup correctly reflects the problem's constraints and initializes all necessary variables properly."", ""plan_was_wrong"": false}"
pie_p01338_s543979202,bfc1f1486586,wrong_base_case,"{""failure_class"": ""wrong_base_case"", ""evidence"": ""The initial state setup in `solve()` function does not correctly initialize the base case for the dynamic programming approach."", ""suggested_fix"": ""Ensure that the initial state setup correctly reflects the problem's constraints and initializes all necessary variables properly."", ""plan_was_wrong"": false}"
pie_p00514_s930952621,7e0821f84124,wrong_base_case,"{""failure_class"": ""wrong_base_case"", ""evidence"": ""Test #0 input '' leads to undefined behavior."", ""suggested_fix"": ""Add input validation to handle empty input gracefully."", ""plan_was_wrong"": false}"
pie_p00514_s930952621,50abeffacd04,missing_edge_case,"{""failure_class"": ""missing_edge_case"", ""evidence"": ""Test #0 input '' leads to undefined behavior."", ""suggested_fix"": ""Add checks for valid input values before processing."", ""plan_was_wrong"": false}"
pie_p00514_s930952621,da14f5efae22,wrong_base_case,"{""failure_class"": ""wrong_base_case"", ""evidence"": ""The base case for factorial calculation is incorrect."", ""suggested_fix"": ""Initialize `fact[i][0]` to 1 only when `i` is 0."", ""plan_was_wrong"": false}"
pie_p00514_s930952621,0a706a1ba486,compile_error,"{""failure_class"": ""compile_error"", ""evidence"": ""/cs/student/project_msc/2025/dsml/nmxian/defects4c_project/workspace/pie_p00514_s930952621_profiling_k8/pie_p00514_s930952621_profiling_k8.cpp: In function \u2018int main()\u2019:\n/cs/student/project_msc/2025/dsml/nmxian/defects4c_project/workspace/pie_p00514_s930952621_profiling_k8/pie_p00514_s930952621_prof"", ""suggested_fix"": ""Fix the compilation error before re-applying the plan."", ""plan_was_wrong"": false}"
pie_p00030_s870509314,7f7be374d4f7,wrong_base_case,"{""failure_class"": ""wrong_base_case"", ""evidence"": ""The base case for the dynamic programming table is incorrect."", ""suggested_fix"": ""Initialize dp[0][0] to 1 and dp[0][j] to 0 for j > 0."", ""plan_was_wrong"": false}"
pie_p02094_s521795241,f26aefb16edc,wrong_state_dim,"{""failure_class"": ""wrong_state_dim"", ""evidence"": ""The state dimensions for dpT and dpU are incorrect."", ""suggested_fix"": ""Adjust the state dimensions to match the problem requirements."", ""plan_was_wrong"": false}"
pie_p00465_s878145104,14c289c59c73,wrong_state_dim,"{""failure_class"": ""wrong_state_dim"", ""evidence"": ""The variable `cnt` is not reset between iterations, leading to incorrect state management."", ""suggested_fix"": ""Reset `cnt` to 0 before each iteration of the outer loop in the `solve` function."", ""plan_was_wrong"": false}"
pie_p00465_s878145104,78a0748b3a2e,wrong_state_dim,"{""failure_class"": ""wrong_state_dim"", ""evidence"": ""The variable `Max` is not updated correctly within the loop."", ""suggested_fix"": ""Ensure `Max` is updated properly after processing each level in the BFS."", ""plan_was_wrong"": false}"
pie_p01429_s020020909,9fb5dadd2930,wrong_base_case,"{""failure_class"": ""wrong_base_case"", ""evidence"": ""The initial value of `dp` should be set to `INF` instead of `0`, as `f` can return negative values."", ""suggested_fix"": ""Change `fill_n(dp, N * 2, INF);` to `fill_n(dp, N * 2, 0);` and then adjust the `update` function to handle negative values correctly."", ""plan_was_wrong"": false}"
pie_p00729_s376268675,0c285f1244ca,wrong_base_case,"{""failure_class"": ""wrong_base_case"", ""evidence"": ""The input handling loop does not correctly terminate when the input is empty."", ""suggested_fix"": ""Add a condition to check if `n` is zero before processing further."", ""plan_was_wrong"": false}"
pie_p03914_s893506098,b42a3ba3af2b,wrong_base_case,"{""failure_class"": ""wrong_base_case"", ""evidence"": ""dp[1][0] should be initialized to 1, not 0."", ""suggested_fix"": ""Change dp[1][0] = 1;"", ""plan_was_wrong"": false}"
pie_p03914_s893506098,65933ca96b98,wrong_base_case,"{""failure_class"": ""wrong_base_case"", ""evidence"": ""dp[1][0] should be initialized to 1, not 0."", ""suggested_fix"": ""Change dp[1][0] = 1;"", ""plan_was_wrong"": false}"
pie_p03914_s893506098,e99025495dbb,wrong_state_dim,"{""failure_class"": ""wrong_state_dim"", ""evidence"": ""The inner loop iterates over k from min(j, n) to 0, but it should iterate from min(j, n) to max(0, j - n)."", ""suggested_fix"": ""Change the inner loop to iterate from min(j, n) to max(0, j - n)."", ""plan_was_wrong"": false}"
pie_p03169_s960308819,091ee6ec69c4,wrong_base_case,"{""failure_class"": ""wrong_base_case"", ""evidence"": ""The initial value of `dp` array is not correctly initialized."", ""suggested_fix"": ""Initialize `dp[0]` to 0 instead of `dp[n]` to 1."", ""plan_was_wrong"": false}"
pie_p03169_s960308819,de9de8681290,compile_error,"{""failure_class"": ""compile_error"", ""evidence"": ""/cs/student/project_msc/2025/dsml/nmxian/defects4c_project/workspace/pie_p03169_s960308819_static_k8/pie_p03169_s960308819_static_k8.cpp: In lambda function:\n/cs/student/project_msc/2025/dsml/nmxian/defects4c_project/workspace/pie_p03169_s960308819_static_k8/pie_p03169_s960308819_static_k8.cpp:18:48"", ""suggested_fix"": ""Fix the compilation error before re-applying the plan."", ""plan_was_wrong"": false}"
pie_p03169_s960308819,f42662548160,wrong_base_case,"{""failure_class"": ""wrong_base_case"", ""evidence"": ""The function `w` returns 0 when both `i` and `j` are 0, which is incorrect based on the problem statement."", ""suggested_fix"": ""Change the base case to return 1 instead of 0 when both `i` and `j` are 0."", ""plan_was_wrong"": false}"
pie_p03169_s960308819,6d8262f7c29c,wrong_base_case,"{""failure_class"": ""wrong_base_case"", ""evidence"": ""The base case handling in the function `w` does not correctly account for the initial conditions."", ""suggested_fix"": ""Ensure that the base case returns the correct value when `i` and `j` are both zero."", ""plan_was_wrong"": false}"
pie_p03766_s208657807,c770a93d1c76,wrong_base_case,"{""failure_class"": ""wrong_base_case"", ""evidence"": ""The expected output does not match the actual output."", ""suggested_fix"": ""Check the base case initialization in the DP array."", ""plan_was_wrong"": false}"
pie_p03766_s208657807,e4a1d2d72a10,wrong_base_case,"{""failure_class"": ""wrong_base_case"", ""evidence"": ""The initial value of dp[0] should be 1, not 0."", ""suggested_fix"": ""Set dp[0] to 1 before entering the loop."", ""plan_was_wrong"": false}"
pie_p01324_s953390691,0818a299c05d,missing_edge_case,"{""failure_class"": ""missing_edge_case"", ""evidence"": ""The input handling loop does not correctly handle the case where there are no more inputs."", ""suggested_fix"": ""Add a condition to check if `cin` fails before attempting to read further inputs."", ""plan_was_wrong"": false}"
pie_p01324_s953390691,07f219b64785,missing_edge_case,"{""failure_class"": ""missing_edge_case"", ""evidence"": ""The input handling loop does not correctly handle the end-of-file condition."", ""suggested_fix"": ""Ensure the input handling loop properly breaks when the end-of-file is reached."", ""plan_was_wrong"": false}"
pie_p03730_s590400302,39516a6b8e5e,missing_edge_case,"{""failure_class"": ""missing_edge_case"", ""evidence"": ""The input '' (empty string) caused unexpected behavior."", ""suggested_fix"": ""Add checks for empty input and handle it appropriately."", ""plan_was_wrong"": false}"
pie_p03730_s590400302,b39fee48bd16,missing_edge_case,"{""failure_class"": ""missing_edge_case"", ""evidence"": ""All test inputs were empty strings, indicating a potential issue with handling invalid input."", ""suggested_fix"": ""Add input validation to check if the input stream is empty before processing."", ""plan_was_wrong"": false}"
pie_p03730_s590400302,9ae6cc439ced,missing_edge_case,"{""failure_class"": ""missing_edge_case"", ""evidence"": ""All test inputs were empty strings, indicating a potential issue with handling invalid input."", ""suggested_fix"": ""Add input validation to check if the input stream is empty before processing."", ""plan_was_wrong"": false}"
pie_p02714_s868124332,0c8e364efe4a,wrong_base_case,"{""failure_class"": ""wrong_base_case"", ""evidence"": ""The input-output behavior does not match expectations."", ""suggested_fix"": ""Ensure the base case handling is correct, especially for empty inputs."", ""plan_was_wrong"": false}"
pie_p02714_s868124332,789c9d872016,wrong_base_case,"{""failure_class"": ""wrong_base_case"", ""evidence"": ""The input is empty, but the code does not handle this case correctly."", ""suggested_fix"": ""Add a check for an empty input and return 0 or handle it appropriately."", ""plan_was_wrong"": false}"
pie_p04034_s126189583,1cfb6c0c1b4b,wrong_base_case,"{""failure_class"": ""wrong_base_case"", ""evidence"": ""The initial value of `has_red` is set to `true`, which does not match the expected behavior based on the input-output pairs."", ""suggested_fix"": ""Set `has_red` to `false` initially to match the expected behavior."", ""plan_was_wrong"": false}"
pie_p04034_s126189583,8217a1f190ef,wrong_base_case,"{""failure_class"": ""wrong_base_case"", ""evidence"": ""The input handling seems incorrect, as it reads empty strings instead of integers."", ""suggested_fix"": ""Change the input reading to handle integers correctly."", ""plan_was_wrong"": false}"
pie_p04034_s126189583,814ac4c6732e,wrong_base_case,"{""failure_class"": ""wrong_base_case"", ""evidence"": ""The input handling is incorrect, as it expects non-empty inputs."", ""suggested_fix"": ""Add checks for valid input sizes before processing."", ""plan_was_wrong"": false}"
pie_p04034_s126189583,7acaf34520d9,wrong_base_case,"{""failure_class"": ""wrong_base_case"", ""evidence"": ""The initial value of `has_red_ball` is set to `true`, but the problem statement suggests it should start as `false`."", ""suggested_fix"": ""Change `bool has_red_ball = true;` to `bool has_red_ball = false;`."", ""plan_was_wrong"": false}"
pie_p03275_s623136798,9dd839f08d12,wrong_base_case,"{""failure_class"": ""wrong_base_case"", ""evidence"": ""The input handling is incorrect, expecting non-empty input but receiving empty strings."", ""suggested_fix"": ""Add checks for valid input before processing."", ""plan_was_wrong"": false}"
pie_p03275_s623136798,4d889975b24d,wrong_base_case,"{""failure_class"": ""wrong_base_case"", ""evidence"": ""The input size is not being correctly read or processed."", ""suggested_fix"": ""Ensure that the input size is correctly read and used throughout the program."", ""plan_was_wrong"": false}"
pie_p01680_s588278972,b7fcc13733a6,wrong_state_dim,"{""failure_class"": ""wrong_state_dim"", ""evidence"": ""The `parent` array is initialized with size `n`, but it should be initialized with size `n+1` to match the range of indices used."", ""suggested_fix"": ""Change `parent` initialization to `parent.resize(n + 1);`"", ""plan_was_wrong"": false}"
pie_p03914_s893506098,a5cf0ad21ed6,wrong_state_dim,"{""failure_class"": ""wrong_state_dim"", ""evidence"": ""dp array dimensions do not match the problem requirements"", ""suggested_fix"": ""Adjust dp array dimensions to correctly represent the state space"", ""plan_was_wrong"": false}"
pie_p03914_s893506098,cebeff54496f,wrong_state_dim,"{""failure_class"": ""wrong_state_dim"", ""evidence"": ""The 2D DP table does not correctly represent the state space."", ""suggested_fix"": ""Revert to the original 3D DP table or adjust the dimensions to accurately reflect the problem's requirements."", ""plan_was_wrong"": false}"
pie_p03169_s960308819,222a5d3129fb,wrong_state_dim,"{""failure_class"": ""wrong_state_dim"", ""evidence"": ""The state representation does not correctly capture the problem's constraints."", ""suggested_fix"": ""Revisit the state representation to ensure it accurately reflects the problem's requirements."", ""plan_was_wrong"": false}"
pie_p03169_s960308819,f6093d122c95,wrong_state_dim,"{""failure_class"": ""wrong_state_dim"", ""evidence"": ""The state representation does not correctly capture the problem's constraints."", ""suggested_fix"": ""Revisit the state representation to ensure it accurately reflects the problem's requirements."", ""plan_was_wrong"": false}"
pie_p02714_s868124332,8478c5854574,wrong_base_case,"{""failure_class"": ""wrong_base_case"", ""evidence"": ""The input-output pair indicates that the expected output for an empty string is '1', but the actual output is '0'. This suggests that the base case handling might be incorrect."", ""suggested_fix"": ""Ensure that the base case where the input string is empty returns the correct value."", ""plan_was_wrong"": false}"
pie_p02714_s868124332,f3e99ac7ae4d,compile_error,"{""failure_class"": ""compile_error"", ""evidence"": ""/cs/student/project_msc/2025/dsml/nmxian/defects4c_project/workspace/pie_p02714_s868124332_profiling_k8/pie_p02714_s868124332_profiling_k8.cpp: In function \u2018int main()\u2019:\n/cs/student/project_msc/2025/dsml/nmxian/defects4c_project/workspace/pie_p02714_s868124332_profiling_k8/pie_p02714_s868124332_prof"", ""suggested_fix"": ""Fix the compilation error before re-applying the plan."", ""plan_was_wrong"": false}"
pie_p04034_s126189583,a463cd580e11,wrong_base_case,"{""failure_class"": ""wrong_base_case"", ""evidence"": ""The initial value of `has_red` is set to `true`, but it should be initialized based on the input."", ""suggested_fix"": ""Initialize `has_red` based on the first operation read from the input."", ""plan_was_wrong"": false}"
pie_p03275_s623136798,158282afab4d,wrong_state_dim,"{""failure_class"": ""wrong_state_dim"", ""evidence"": ""The `sum` array in `update` and `getSum` functions has size `n + 1`, which might not be sufficient for all possible values."", ""suggested_fix"": ""Ensure the `sum` array can handle the maximum value in `nums` plus `n`."", ""plan_was_wrong"": false}"
pie_p00774_s295712597,4ca69da1dc73,wrong_state_dim,"{""failure_class"": ""wrong_state_dim"", ""evidence"": ""The board dimensions are not correctly managed."", ""suggested_fix"": ""Ensure the board dimensions are consistent throughout the code."", ""plan_was_wrong"": false}"
pie_p00774_s295712597,d2d9ae5b7f98,wrong_state_dim,"{""failure_class"": ""wrong_state_dim"", ""evidence"": ""The board dimensions are not correctly handled in the code."", ""suggested_fix"": ""Ensure that the board dimensions are consistent throughout the code."", ""plan_was_wrong"": false}"
pie_p02695_s405258011,edf9d88dcd31,wrong_base_case,"{""failure_class"": ""wrong_base_case"", ""evidence"": ""The input-output handling seems incorrect."", ""suggested_fix"": ""Ensure proper input reading and output formatting."", ""plan_was_wrong"": false}"
pie_p02318_s259001950,983a38004189,compile_error,"{""failure_class"": ""compile_error"", ""evidence"": ""/cs/student/project_msc/2025/dsml/nmxian/defects4c_project/workspace/pie_p02318_s259001950_profiling_k0/pie_p02318_s259001950_profiling_k0.cpp: In function \u2018int ld(const string&, const string&, int, int)\u2019:\n/cs/student/project_msc/2025/dsml/nmxian/defects4c_project/workspace/pie_p02318_s259001950_pro"", ""suggested_fix"": ""Fix the compilation error before re-applying the plan."", ""plan_was_wrong"": false}"
pie_p02318_s259001950,fd9359189717,compile_error,"{""failure_class"": ""compile_error"", ""evidence"": ""/cs/student/project_msc/2025/dsml/nmxian/defects4c_project/workspace/pie_p02318_s259001950_profiling_k8/pie_p02318_s259001950_profiling_k8.cpp: In function \u2018int main()\u2019:\n/cs/student/project_msc/2025/dsml/nmxian/defects4c_project/workspace/pie_p02318_s259001950_profiling_k8/pie_p02318_s259001950_prof"", ""suggested_fix"": ""Fix the compilation error before re-applying the plan."", ""plan_was_wrong"": false}"
pie_p01338_s543979202,272c0934e5d6,wrong_state_dim,"{""failure_class"": ""wrong_state_dim"", ""evidence"": ""The state dimension does not match the problem requirements."", ""suggested_fix"": ""Adjust the state dimension to correctly represent the problem constraints."", ""plan_was_wrong"": false}"
pie_p01338_s543979202,77f2eb955671,wrong_state_dim,"{""failure_class"": ""wrong_state_dim"", ""evidence"": ""The state dimension does not match the problem requirements."", ""suggested_fix"": ""Adjust the state dimension to correctly represent the problem constraints."", ""plan_was_wrong"": false}"
pie_p00514_s930952621,d7ede1d77be8,wrong_state_dim,"{""failure_class"": ""wrong_state_dim"", ""evidence"": ""The `fact` and `invFact` vectors have dimensions `[MAXN][MAXN]`, which is unnecessary and leads to incorrect values."", ""suggested_fix"": ""Reduce the dimensions of `fact` and `invFact` to `[MAXN][MAXN+1]` to match the range of valid indices."", ""plan_was_wrong"": false}"
pie_p00514_s930952621,6f7718ec565a,missing_edge_case,"{""failure_class"": ""missing_edge_case"", ""evidence"": ""Test #0 input is empty, which leads to undefined behavior."", ""suggested_fix"": ""Add input validation to check for valid input before processing."", ""plan_was_wrong"": false}"
pie_p00030_s870509314,34f8b8197c2b,wrong_base_case,"{""failure_class"": ""wrong_base_case"", ""evidence"": ""The base case for the DP table is incorrect."", ""suggested_fix"": ""Initialize dp[0][0] to 1 and dp[0][i] to 0 for i > 0."", ""plan_was_wrong"": false}"
pie_p02094_s521795241,4bc9c2e86440,missing_edge_case,"{""failure_class"": ""missing_edge_case"", ""evidence"": ""The input handling for empty input is incorrect."", ""suggested_fix"": ""Add a check for empty input and handle it appropriately."", ""plan_was_wrong"": false}"
pie_p02094_s521795241,ebc547b89365,missing_edge_case,"{""failure_class"": ""missing_edge_case"", ""evidence"": ""The input handling for empty input is incorrect."", ""suggested_fix"": ""Add a check for empty input and handle it appropriately."", ""plan_was_wrong"": false}"
pie_p00277_s980115561,6ddd9d360196,wrong_state_dim,"{""failure_class"": ""wrong_state_dim"", ""evidence"": ""The `rank` map does not correctly handle updates to team scores."", ""suggested_fix"": ""Use a multimap or update the existing entry in the map instead of erasing and reinserting."", ""plan_was_wrong"": false}"
pie_p00277_s980115561,eb98e452c1fd,wrong_state_dim,"{""failure_class"": ""wrong_state_dim"", ""evidence"": ""The `rank` map does not correctly handle updates to team scores."", ""suggested_fix"": ""Use a multimap or update the existing entry in the map instead of erasing and reinserting."", ""plan_was_wrong"": false}"
pie_p03536_s850920816,9a8a1bf36de7,wrong_state_dim,"{""failure_class"": ""wrong_state_dim"", ""evidence"": ""The inner loop condition `j > 0` causes an off-by-one error when `i == 0`, leading to incorrect state updates."", ""suggested_fix"": ""Change the inner loop condition to `j >= 0`."", ""plan_was_wrong"": false}"
pie_p00773_s683900927,047ffa6024fc,missing_edge_case,"{""failure_class"": ""missing_edge_case"", ""evidence"": ""The code does not handle the case where there are no valid pairs that sum to `s`."", ""suggested_fix"": ""Add a check to output `-1` when no valid pairs are found."", ""plan_was_wrong"": false}"
pie_p00773_s683900927,bbefa064bda8,compile_error,"{""failure_class"": ""compile_error"", ""evidence"": ""/cs/student/project_msc/2025/dsml/nmxian/defects4c_project/workspace/pie_p00773_s683900927_static_k8/pie_p00773_s683900927_static_k8.cpp: In function \u2018int main()\u2019:\n/cs/student/project_msc/2025/dsml/nmxian/defects4c_project/workspace/pie_p00773_s683900927_static_k8/pie_p00773_s683900927_static_k8.cpp"", ""suggested_fix"": ""Fix the compilation error before re-applying the plan."", ""plan_was_wrong"": false}"
pie_p00773_s683900927,2558889d358b,wrong_state_dim,"{""failure_class"": ""wrong_state_dim"", ""evidence"": ""The variable `answer` is not updated correctly when `p2` is greater than `answer`."", ""suggested_fix"": ""Update `answer` only when `p2` is greater than `answer`."", ""plan_was_wrong"": false}"
pie_p00773_s683900927,05a6a0afbd6e,wrong_base_case,"{""failure_class"": ""wrong_base_case"", ""evidence"": ""The loop condition `for (int i = 1; i <= s; ++i)` includes `i` when it should not."", ""suggested_fix"": ""Change the loop condition to `for (int i = 0; i < s; ++i)`."", ""plan_was_wrong"": false}"
pie_p03313_s683246169,26aab07daea2,wrong_state_dim,"{""failure_class"": ""wrong_state_dim"", ""evidence"": ""The inner loop's condition is incorrect, leading to out-of-bounds access."", ""suggested_fix"": ""Change `rep(i,0,n)` to `rep(i,0,k)` in the inner loop."", ""plan_was_wrong"": false}"
pie_p03313_s683246169,73c72deb89de,wrong_base_case,"{""failure_class"": ""wrong_base_case"", ""evidence"": ""The initial values for `Max` are not correctly set up."", ""suggested_fix"": ""Initialize `Max` with appropriate base cases before starting the loop."", ""plan_was_wrong"": false}"
pie_p03313_s683246169,94804bf9c56d,wrong_base_case,"{""failure_class"": ""wrong_base_case"", ""evidence"": ""The initial values for Max array elements are not correctly initialized."", ""suggested_fix"": ""Initialize Max array elements properly before using them."", ""plan_was_wrong"": false}"
pie_p03313_s683246169,55970441f6df,wrong_base_case,"{""failure_class"": ""wrong_base_case"", ""evidence"": ""The input size is not being correctly handled."", ""suggested_fix"": ""Initialize `n` properly before using it in the loop conditions."", ""plan_was_wrong"": false}"
pie_p00596_s990427234,247dda6b3627,wrong_base_case,"{""failure_class"": ""wrong_base_case"", ""evidence"": ""The initial call to `fill(visited.begin(), visited.end(), false)` resets the visited state after each iteration, causing incorrect results."", ""suggested_fix"": ""Move the initialization of `visited` outside the loop or reset only the relevant nodes before each DFS call."", ""plan_was_wrong"": false}"
pie_p00596_s990427234,eb590b74c4b5,missing_edge_case,"{""failure_class"": ""missing_edge_case"", ""evidence"": ""The input handling loop does not properly handle the end-of-file condition."", ""suggested_fix"": ""Add a check for `cin.eof()` before processing each test case."", ""plan_was_wrong"": false}"
pie_p00556_s032657800,f6cdb33e0e32,wrong_base_case,"{""failure_class"": ""wrong_base_case"", ""evidence"": ""The initial value of `dp` is set to `N`, which might not be correct for all inputs."", ""suggested_fix"": ""Initialize `dp` with a higher value, such as `INT_MAX`, to ensure it can hold the minimum possible cost."", ""plan_was_wrong"": false}"
pie_p00556_s032657800,036f6f18f075,compile_error,"{""failure_class"": ""compile_error"", ""evidence"": ""/cs/student/project_msc/2025/dsml/nmxian/defects4c_project/workspace/pie_p00556_s032657800_static_k8/pie_p00556_s032657800_static_k8.cpp: In function \u2018int main()\u2019:\n/cs/student/project_msc/2025/dsml/nmxian/defects4c_project/workspace/pie_p00556_s032657800_static_k8/pie_p00556_s032657800_static_k8.cpp"", ""suggested_fix"": ""Fix the compilation error before re-applying the plan."", ""plan_was_wrong"": false}"
pie_p03180_s740247295,439a483b3e05,wrong_state_dim,"{""failure_class"": ""wrong_state_dim"", ""evidence"": ""dp array dimensions do not match expected values"", ""suggested_fix"": ""Ensure dp array size matches the number of possible masks"", ""plan_was_wrong"": false}"
pie_p03180_s740247295,4404366ec40c,wrong_base_case,"{""failure_class"": ""wrong_base_case"", ""evidence"": ""The input size is not being correctly handled in the preprocess function."", ""suggested_fix"": ""Ensure that the preprocess function iterates over all possible masks up to 2^n - 1."", ""plan_was_wrong"": false}"
pie_p00431_s229448779,71a078049d75,wrong_state_dim,"{""failure_class"": ""wrong_state_dim"", ""evidence"": ""The memoization table size does not match the input constraints."", ""suggested_fix"": ""Resize the memoization tables based on the actual number of nodes provided in each test case."", ""plan_was_wrong"": false}"
pie_p00431_s229448779,d7f4912c83d6,wrong_state_dim,"{""failure_class"": ""wrong_state_dim"", ""evidence"": ""The `used` vector is not properly initialized or updated."", ""suggested_fix"": ""Ensure that the `used` vector is correctly marked as `false` after processing each node."", ""plan_was_wrong"": false}"
pie_p03601_s584146760,77141d5e6131,wrong_state_dim,"{""failure_class"": ""wrong_state_dim"", ""evidence"": ""Test #0 expected '110 10' but got '115 15'."", ""suggested_fix"": ""Ensure the state dimensions correctly reflect the problem constraints."", ""plan_was_wrong"": false}"
pie_p03115_s101106284,67bfa14ca662,wrong_base_case,"{""failure_class"": ""wrong_base_case"", ""evidence"": ""Test #0 expected '-1' but got '-2'."", ""suggested_fix"": ""Initialize `l` to `-1` instead of `min_x`."", ""plan_was_wrong"": false}"
pie_p03115_s101106284,2b1fc6081821,compile_error,"{""failure_class"": ""compile_error"", ""evidence"": ""/cs/student/project_msc/2025/dsml/nmxian/defects4c_project/workspace/pie_p03115_s101106284_static_k8/pie_p03115_s101106284_static_k8.cpp:1:1: error: stray \u2018`\u2019 in program\n    1 | ```cpp\n      | ^\n/cs/student/project_msc/2025/dsml/nmxian/defects4c_project/workspace/pie_p03115_s101106284_static_k8/pie_"", ""suggested_fix"": ""Fix the compilation error before re-applying the plan."", ""plan_was_wrong"": false}"
pie_p00746_s632441558,305c2ff1b7d1,wrong_state_dim,"{""failure_class"": ""wrong_state_dim"", ""evidence"": ""The flat array `p` does not correctly represent the 801x801 grid."", ""suggested_fix"": ""Ensure the flat array `p` correctly maps to the 801x801 grid dimensions."", ""plan_was_wrong"": false}"
pie_p01341_s430604725,4e0a483c7776,wrong_state_dim,"{""failure_class"": ""wrong_state_dim"", ""evidence"": ""The `used` array is not properly initialized before each iteration."", ""suggested_fix"": ""Initialize the `used` array to `false` before each iteration of the outer loop."", ""plan_was_wrong"": false}"
pie_p01341_s430604725,259540497773,wrong_state_dim,"{""failure_class"": ""wrong_state_dim"", ""evidence"": ""The `used` array is not properly updated during the Dijkstra's algorithm implementation."", ""suggested_fix"": ""Ensure that the `used` array is correctly marked as visited after processing each vertex."", ""plan_was_wrong"": false}"
pie_p01341_s430604725,a8f99f3036f2,wrong_state_dim,"{""failure_class"": ""wrong_state_dim"", ""evidence"": ""The `used` array is not properly initialized before being used in the `prim` function."", ""suggested_fix"": ""Initialize the `used` array to `false` before using it in the `prim` function."", ""plan_was_wrong"": false}"
pie_p01341_s430604725,541b8bc47c86,wrong_state_dim,"{""failure_class"": ""wrong_state_dim"", ""evidence"": ""The `used` array is not properly initialized before each call to `prim`."", ""suggested_fix"": ""Initialize the `used` array within the outer loop where `prim` is called."", ""plan_was_wrong"": false}"
pie_p01401_s673178272,518ce308b2c0,wrong_state_dim,"{""failure_class"": ""wrong_state_dim"", ""evidence"": ""The `used` array dimensions do not match the problem constraints."", ""suggested_fix"": ""Adjust the dimensions of the `used` array to accommodate the maximum possible values of `c`, `h`, and `w`."", ""plan_was_wrong"": false}"
pie_p01401_s673178272,089730c27d88,wrong_state_dim,"{""failure_class"": ""wrong_state_dim"", ""evidence"": ""The state dimension in the `used` array is incorrect."", ""suggested_fix"": ""Change the state dimension to `used[105][105][c+2]` to accommodate all possible states."", ""plan_was_wrong"": false}"
pie_p03771_s758894826,6735916f26a9,wrong_base_case,"{""failure_class"": ""wrong_base_case"", ""evidence"": ""dp[0][0] should be initialized to 0 instead of 1."", ""suggested_fix"": ""Change dp[0][0] = 1 to dp[0][0] = 0;"", ""plan_was_wrong"": false}"
pie_p03771_s758894826,b3baa401be91,wrong_state_dim,"{""failure_class"": ""wrong_state_dim"", ""evidence"": ""The inner loop iterates over k from v down to 0, but it should iterate over k from 0 up to v."", ""suggested_fix"": ""Change the inner loop to `for(int k = 0; k <= v; ++k)`."", ""plan_was_wrong"": false}"
